question,answer
"Как настроить радар, чтобы он ловил камеры?","Установите фильтр слабых сигналов на 'Низкий' или 'Выключен' для лучшего обнаружения камер. Также отключите тихий режим и убедитесь, что громкость установлена на уровне 3–5. Установите фильтр скорости на минимальное значение (0–10 км/ч) или выключите его."
Почему мой радар Fujida не оповещает о камерах?,"Проверьте фильтр слабых сигналов — он должен быть 'Низкий' или 'Выключен'. Убедитесь, что отключён тихий режим и громкость достаточная. Также проверьте фильтр скорости. При необходимости обновите базу камер или прошивку."
"Радар работает без звука, как включить оповещения?","Убедитесь, что отключён тихий режим и установлена достаточная громкость (3–5)."
"Мой радар-детектор не видит камеры, что делать?","Настройте фильтр слабых сигналов на 'Низкий' или 'Выключен'. Убедитесь, что фильтр скорости выключен или настроен на минимальное значение. Проверьте наличие актуальной базы камер и при необходимости обновите прошивку."
"Нет звуковых оповещений о камерах, как настроить?",Отключите тихий режим и установите громкость на 3–5. Проверьте фильтр слабых сигналов и фильтр скорости.
"Какие настройки нужно изменить, чтобы радар начал оповещать о камерах?","Фильтр слабых сигналов — 'Низкий' или 'Выключен', фильтр скорости — минимальный или выключен, громкость — не менее 3, отключите тихий режим. После этого перезагрузите устройство."
После обновления прошивки радар перестал оповещать о камерах.,Перепроверьте настройки фильтров и громкости. Обновите базу камер заново и перезагрузите устройство.
Как установить обновление на устройство?,"Скачайте актуальную прошивку с сайта https://update.fujida.su/services/, разархивируйте файлы и скопируйте их в корень отформатированной SD-карты. Вставьте карту в выключенное устройство, подключите питание — начнётся обновление."
Как установить обновление на устройство Fujida?,"Скачайте архив с прошивкой на https://update.fujida.su/services/, отформатируйте SD-карту (FAT32, 32КБ кластер), скопируйте файлы, вставьте карту в устройство и подключите питание — обновление начнётся автоматически."
Что делать после копирования файлов прошивки на SD карту?,"Вставьте карту в выключенное устройство Fujida, подключите питание — обновление запустится автоматически. После завершения устройство перезагрузится, а файлы прошивки удалятся."
Процедура обновления прошивки на видеорегистраторе?,"Скачайте прошивку на https://update.fujida.su/services/, разархивируйте, отформатируйте SD-карту (FAT32, 32КБ), скопируйте файлы, вставьте карту в устройство, подключите питание — дождитесь окончания обновления."
"У меня не запускается обновление на Karma, как это сделать?","Убедитесь, что SD-карта отформатирована корректно (FAT32, 32КБ), файлы прошивки находятся в корне карты, карта вставлена в выключенное устройство, и питание подключено оригинальным кабелем. Проверьте также, что прошивка соответствует модели."
Как включить режим обновления на комбо-устройстве?,"Режим обновления запускается автоматически при включении питания с корректно записанной SD-картой. Убедитесь, что карта подготовлена по инструкции и файлы прошивки находятся в корне."
Как обновить прошивку через SD карту?,"Скачайте прошивку, разархивируйте, отформатируйте SD-карту (FAT32), скопируйте файлы в корень, вставьте карту в выключенное устройство, подключите питание. После обновления устройство перезагрузится."
Не могу понять как установить новую прошивку на видеорегистратор.,"Следуйте инструкции: скачайте прошивку с https://update.fujida.su/services/, подготовьте SD-карту (форматирование FAT32, 32КБ), скопируйте файлы, вставьте карту в устройство, подключите питание. Обновление запустится автоматически."
Как пользоваться приложением Fujida.Pro?,"Скачайте приложение Fujida.Pro для iOS или Android. Подключитесь к устройству по Wi-Fi (пароль: 12345678). В приложении выберите модель устройства и получите доступ к функциям: онлайн-просмотр, обновление, загрузка файлов, настройки и инструкции."
Не могу разобраться с подключением регистратора к приложению на телефоне.,"Убедитесь, что вы подключены к Wi-Fi регистратора (пароль 12345678). В приложении Fujida.Pro предоставьте доступ к локальной сети и данным, выберите модель устройства в нужном разделе (Гибриды, GPS-информаторы, Видеорегистраторы)."
Какие функции доступны в мобильном приложении для Karma?,"В приложении Fujida.Pro доступны: онлайн-трансляция, обновление прошивки, загрузка и просмотр видео, настройка параметров видеорегистратора и радара, просмотр инструкции и раздел 'Путешествие с Fujida'."
Как настроить параметры видеорегистратора через Fujida.Pro?,"После подключения к приложению выберите свою модель. Откроется меню с настройками видеорегистратора и радарной части (если она есть), где можно изменить основные параметры устройства."
На каких телефонах работает приложение для Fujida?,Приложение Fujida.Pro доступно на iOS (iPhone) и Android. Ссылки: https://apps.apple.com/ru/app/fujida-pro/id6463075934 и https://play.google.com/store/apps/details?id=mykj.fujidapro.jcd
Как обновить устройство через приложение Fujida.Pro?,"Включите мобильный интернет. В приложении перейдите в раздел 'Обновление', нажмите 'Загрузить обновление', затем 'Установить обновление'. Устройство само начнёт установку и перезагрузится после завершения."
"Что делать, если устройство не включается и не загорается дисплей?","Подключите устройство в автомобиле без карты памяти, используя оригинальный адаптер питания от прикуривателя. Если включается — проблема может быть в карте памяти. Также проверьте индикатор на адаптере питания и состояние предохранителя."
Мой Fujida полностью перестал работать.,"Подключите устройство без карты памяти, проверьте адаптер питания: горит ли индикатор. Если индикатор не горит — проверьте предохранитель в адаптере. При необходимости выполните обновление прошивки с помощью карты памяти и ПК."
"Регистратор не подаёт признаков жизни, как его оживить?","Проверьте устройство без карты памяти и с оригинальным адаптером. Убедитесь, что индикатор на адаптере горит. Если не горит — открутите адаптер и проверьте предохранитель. Попробуйте обновить прошивку через карту памяти."
"Видеорегистратор внезапно перестал загружаться, экран не светится совсем.","Подключите регистратор без карты памяти. Убедитесь, что адаптер питания работает (индикатор горит). Проверьте предохранитель в адаптере. Если не помогает — выполните обновление прошивки через карту памяти и ПК."
Ошибка карты памяти или не ведётся запись. Что делать?,"Возможные причины: неисправная или несовместимая карта памяти, заполнение защищёнными файлами, неоригинальный адаптер. Попробуйте форматировать карту через меню видеорегистратора, используйте оригинальный кабель и адаптер, проверьте карту через https://www.fujida.su/guarantee/microSD-test.php."
Как проверить карту памяти?,Используйте утилиту на https://www.fujida.su/guarantee/microSD-test.php для теста скорости записи. Сохраните график и отправьте его в поддержку. После проверки обязательно форматируйте карту в компьютере и затем в видеорегистраторе.
Видеорегистратор пишет 'ошибка карты памяти' — как исправить?,"Выполните принудительное форматирование карты через меню видеорегистратора. Выключите 'G'-сенсор, чтобы избежать накопления защищённых файлов. При необходимости повторите форматирование и проверьте карту на ошибки."
"Fujida не записывает видео, хотя карта вставлена. Почему?","Проверьте совместимость карты (класс 10 и выше, скорость записи от 10 МБ/с). Используйте оригинальный адаптер питания. Если карта подходит — выполните форматирование через меню устройства."
Как правильно форматировать SD-карту для Karma?,"Используйте меню видеорегистратора для форматирования. После завершения — выключите и заново включите устройство. Повторите процедуру, если ошибка не исчезла."
Устройство не видит флешку. Что делать?,"Проверьте SD-карту на ошибки через утилиту Fujida. Убедитесь, что карта совместима (Class 10 и выше). Замените карту при необходимости и выполните форматирование через меню видеорегистратора."
После включения пишет 'проверьте карту памяти' и не начинает запись.,"Форматируйте карту в меню регистратора. Выключите 'G'-сенсор, чтобы освободить карту от защищённых файлов. Используйте оригинальный адаптер питания."
Как проверить карту памяти на совместимость с Fujida?,"Используйте карту не ниже Class 10, с минимальной скоростью записи 10 МБ/с. Проверьте её через сайт Fujida: https://www.fujida.su/guarantee/microSD-test.php. Несовместимые карты нужно заменить."
Какой программой можно протестировать SD-карту на ошибки?,Используйте онлайн-тест на https://www.fujida.su/guarantee/microSD-test.php — он позволяет проверить скорость записи и выявить ошибки. Сохраняйте график для отправки в техподдержку.
"Почему Karma может писать, что карта памяти повреждена?","Причины — низкая скорость записи, повреждение файловой системы, переполнение защищёнными файлами. Выполните тестирование карты и форматирование через меню видеорегистратора."
"Как диагностировать проблемы с картой памяти, если запись прерывается?","Проверьте карту через тест-программу. Убедитесь, что используется оригинальный адаптер. Форматируйте карту, отключите 'G'-сенсор. При необходимости — замените карту на более быструю (Class 10+)."
Почему мой Fujida не показывает скорость движения?,"Возможна блокировка GPS в вашем регионе (например, из-за систем РЭБ). Попробуйте выехать за пределы города. Также убедитесь, что карта памяти исправна и соответствует классу 10. Проверьте GPS-индикатор: если тарелка белая — соединение установлено."
Скорость не отображается. Что делать?,Проверьте соединение с GPS — иконка спутника должна загореться белым. Попробуйте выехать за пределы зоны возможной блокировки сигнала. Убедитесь в исправности карты памяти и корректной версии базы камер.
Скорость отображается некорректно. Почему?,"Возможны временные перебои GPS или блокировка сигнала. Убедитесь, что вы не находитесь в зоне РЭБ. Проверьте карту памяти и исправность GPS-модуля (в меню настроек)."
GPS в моем регистраторе не работает. Как это исправить?,"Проверьте версию базы камер в меню: если отображается 00000000, возможно, неисправен GPS-модуль. Также проверьте карту памяти, выезд за пределы города может восстановить GPS-приём."
На моем Karma отображается неправильная скорость — намного ниже реальной.,"Проверьте GPS-соединение: иконка спутника должна быть белой. Попробуйте сменить местоположение, так как возможна блокировка сигнала. Также проверьте корректность установки базы камер и состояние карты памяти."
"Видеорегистратор пишет, что скорость 0 км/ч, хотя я еду. Почему?","Это может быть связано с отсутствием GPS-сигнала из-за помех. Убедитесь, что вы вне зоны РЭБ и карта памяти работает корректно. Если проблема сохраняется — проверьте версию базы камер."
После обновления прошивки перестал работать датчик скорости. Что делать?,"Проверьте отображение базы камер в меню (не должно быть 00000000), а также убедитесь, что карта памяти работает корректно. Попробуйте перезагрузить устройство и выйти из зоны возможной блокировки GPS."
Мой видеорегистратор Fujida постоянно перезагружается сам по себе. Что делать?,Проверьте карту памяти — она должна быть исправной и не ниже Class 10. Используйте только оригинальный адаптер питания. Также рекомендуется обновить устройство через карту памяти и ПК.
Устройство зависает при включении и не реагирует на кнопки. Как решить?,"Проверьте карту памяти и замените её, если она неисправна. Убедитесь в использовании оригинального адаптера. При необходимости выполните обновление прошивки через карту памяти."
Karma тормозит и медленно реагирует на нажатия кнопок. Почему?,Возможная причина — некачественная или повреждённая карта памяти. Используйте карту не ниже Class 10 и только оригинальный адаптер питания. Также проверьте наличие последней версии прошивки.
После работы несколько часов комбо-устройство начинает глючить. Что делать?,Проверьте состояние карты памяти и питания. Обновите прошивку устройства. Используйте оригинальные аксессуары — неоригинальные могут вызывать перегрузку устройства.
"Как сбросить настройки, если регистратор не включается нормально?",Попробуйте обновить устройство через карту памяти. Это может вернуть стабильную работу и сбросить некорректные настройки. Перед этим убедитесь в исправности карты и используйте оригинальный адаптер.
Что делает датчик движения и почему он отключён?,"Датчик движения предназначен для режима парковки и запускает запись только при обнаружении движения. При движении автомобиля его использование может вызвать пропуски записи, поэтому функция отключена по умолчанию."
Как отправить устройство в сервисный центр?,"Свяжитесь с поддержкой Fujida: 8 (800) 500-31-16 или support@fujida.su. Опишите проблему, укажите модель, приложите фото. Вам предоставят инструкцию по отправке и список документов. Устройство отправляется через СДЭК, расходы покрывает Fujida."
Как отправить устройство в сервисный центр Fujida?,"Напишите в поддержку на support@fujida.su или в WhatsApp/Telegram +7 927 035-55-55. Уточните модель и проблему. Далее — получите инструкции, упакуйте устройство и отправьте через СДЭК. Fujida оплачивает доставку при гарантийном случае."
Нужно ли заполнять какие-то документы для гарантийного ремонта регистратора?,"Да, необходимо приложить чек и заявление на гарантийное обслуживание (ссылку предоставит служба поддержки). Документы следует распечатать и вложить в упаковку вместе с устройством."
Где находятся сервисные центры по ремонту Karma в моем городе?,Обратитесь в поддержку Fujida по телефону или почте. Они направят устройство в ближайший или центральный сервисный центр через СДЭК. Вам сообщат детали отправки и получения.
Сколько времени занимает ремонт видеорегистратора в сервисе?,Время ремонта зависит от загруженности сервисного центра. Статус ремонта можно уточнить через поддержку после отправки устройства.
"Что делать, если устройство сломалось в течение гарантийного срока?","Свяжитесь с техподдержкой Fujida, опишите проблему, подготовьте устройство и документы. Гарантийный ремонт осуществляется бесплатно, включая транспортировку через СДЭК."
Какую карту памяти купить?,"Рекомендуется использовать оригинальные карты Fujida, так как они гарантируют стабильную работу устройства. Примеры: Fujida Pro microSDHC 16 GB UHS-I Class 10 или Fujida Pro microSDXC 128 GB UHS-I U3 Class 10."
Какую карту памяти купить для видеорегистратора Fujida?,"Выбирайте карты Class 10 и выше, предпочтительно оригинальные Fujida Pro. Поддерживаемые объёмы — от 16 до 128 ГБ, в зависимости от модели."
Какие SD-карты совместимы с устройствами Karma?,"Совместимы карты памяти Class 10 и выше, объёмом до 128 ГБ. Лучше всего использовать оригинальные карты Fujida Pro — они протестированы и соответствуют требованиям устройств."
Рекомендуемый класс и объём карты памяти для комбо-устройств?,"Рекомендуется использовать карты Class 10 или UHS-I U3, объём от 32 до 128 ГБ. Fujida Pro microSDXC — оптимальный выбор."
Что лучше выбрать: microSD 32 или 64 ГБ для регистратора?,"64 ГБ — предпочтительнее, так как обеспечит больший объём записи без необходимости частого форматирования. Главное — Class 10 и стабильная скорость записи."
Какие производители флеш-карт наиболее надёжны для видеозаписи в Fujida?,"Наиболее надёжны оригинальные карты Fujida. Также допустимы проверенные бренды, но Fujida не может гарантировать их стабильную работу. Оригинальные карты обеспечивают полную совместимость и год гарантии."
Где купить шнур питания для комбо и регистратора?,Вы можете купить шнур питания на официальном сайте Fujida по ссылке: https://fujida.su/catalog/accessories/
Почему качество видео при отправке через телефон плохое?,"При отправке через мессенджеры (например, Telegram или WhatsApp) видео автоматически сжимается, что снижает его качество. Это поведение стандартное для большинства приложений."
Почему видео из приложения Fujida.Pro выглядит размытым и нечетким?,"При просмотре или передаче видео через телефон используется сжатый формат. Чтобы сохранить оригинальное качество, скачайте видео и отправляйте его как файл, а не как медиа."
Как получить оригинальное качество записи с регистратора вместо сжатого?,Сохраните видео в галерею телефона и отправьте его через Telegram как файл. Так вы избежите автоматического сжатия и потери качества.
При скачивании через телефон ролики теряют качество. Почему так?,Мессенджеры автоматически сжимают видео при передаче. Также приложения могут понижать частоту кадров или разрешение при сохранении.
"В приложении видео выглядит хуже, чем на самом регистраторе Karma. Почему?","Это связано с тем, что для передачи и отображения используется предварительно сжатая версия видео. Оригинал остаётся на карте памяти регистратора."
Можно ли отправить видео с регистратора без потери качества через телефон?,"Да. Сначала сохраните видео в галерею, затем отправьте через Telegram как файл. Это позволит сохранить исходное разрешение и частоту кадров."
При обновлении по WiFi произошел сбой. Что делать?,Проверьте исправность карты памяти (только Class 10 и выше). Рекомендуется повторно обновить прошивку с помощью карты памяти и компьютера.
"При обновлении по WiFi произошел сбой, и устройство не включается. Как восстановить?",Сначала проверьте карту памяти. Затем выполните обновление прошивки через ПК и SD-карту — это поможет восстановить работоспособность устройства.
Процесс загрузки прошивки через Fujida.Pro остановился на половине. Что делать?,"Если обновление зависло, отключите питание и обновите устройство через карту памяти, следуя инструкции с сайта Fujida. Проверьте также карту памяти на ошибки."
"Обновление через приложение зависло, и теперь регистратор не работает. Как быть?","Вероятно, файлы прошивки установились некорректно. Проверьте карту памяти и повторите обновление через ПК и SD-карту — это восстановит систему."
Karma выдает ошибку при попытке беспроводного обновления системы. Что делать?,"Проверьте стабильность питания и замените карту памяти, если она ниже Class 10. Используйте проводной способ обновления с карты памяти и компьютера."
После неудачного обновления по WiFi как восстановить работу видеорегистратора?,"Обновите прошивку заново через карту памяти и компьютер. Убедитесь, что используется оригинальный адаптер питания и исправная карта памяти (Class 10 и выше)."
Кто будет платить за доставку?,Если случай гарантийный — доставка в обе стороны оплачивается компанией Fujida. В негарантийном случае — за счёт клиента.
Кто оплачивает доставку устройства в сервисный центр Fujida?,При гарантийном ремонте все расходы на доставку в обе стороны несёт компания Fujida. При негарантийном — клиент.
Нужно ли мне платить за пересылку регистратора по гарантии?,"Нет, если случай признаётся гарантийным — пересылка и ремонт бесплатны."
При негарантийном ремонте Karma кто оплачивает почтовые расходы?,"Если случай не гарантийный, то все почтовые расходы (туда и обратно) оплачивает клиент."
Компания возмещает затраты на отправку видеорегистратора в ремонт?,"Да, если ремонт проводится по гарантии. В этом случае компания покрывает доставку и ремонт."
За чей счёт производится обратная доставка после сервисного обслуживания?,Если ремонт по гарантии — за счёт Fujida. Если не по гарантии — обратная доставка за счёт клиента.
При втором повороте ключа видеорегистратор перестаёт работать и выключается. Почему?,Это связано с просадкой питания при запуске двигателя. Рекомендуется сначала повернуть ключ до срабатывания бензонасоса — в этот момент устройство заряжается. Затем заводите автомобиль.
"Почему Fujida отключается, когда завожу машину?","Во время запуска двигателя происходит кратковременная просадка напряжения, из-за чего регистратор может отключиться. Это нормальное поведение для некоторых автомобилей."
"Регистратор работает, пока не поверну ключ зажигания до конца. Почему так?","До запуска двигателя питание стабильно, но при запуске может происходить просадка, отключающая устройство. Это зависит от конструкции автомобиля."
Karma выключается в момент запуска двигателя автомобиля. Что делать?,"Используйте порядок: сначала поворот ключа до включения питания, затем запуск двигателя. В некоторых автомобилях прикуриватель не активен при автозапуске — это также может быть причиной."
При старте мотора видеорегистратор гаснет и перезагружается. Что делать?,"Это нормальное поведение при просадке питания во время запуска двигателя. Чтобы минимизировать эффект, включайте зажигание в два этапа. Также уносите устройство при сильных морозах, чтобы избежать конденсата."
"Камеру проехал, а комбо всё ещё оповещает по радиомодулю. Почему?","Некоторые камеры направлены в спину, и устройство продолжает улавливать сигнал даже после проезда. Также дальность улавливания может превышать километр."
"Почему Karma продолжает сигналить о камере, которую я уже миновал?","Это может быть связано с направлением камеры — она может фиксировать заднюю проекцию. Устройство продолжает оповещать, пока не потеряет сигнал полностью."
"Радар-детектор пищит даже после того, как я проехал пост контроля скорости. В чём причина?","Радар может продолжать фиксировать сигнал от камеры, направленной в спину. Также возможно, что дальность действия радара превышает расстояние до камеры."
В чём причина ложных срабатываний радара после проезда камеры?,"Это не ложные срабатывания, а особенности детектирования. Пока устройство фиксирует сигнал, оно будет продолжать оповещение — даже если камера уже позади."
"Устройство долго не прекращает оповещение по радиомодулю, даже когда камера позади. Что делать?","Это связано с дальностью улавливания и направлением камеры. Устройство отключит оповещение, когда сигнал полностью исчезнет из зоны действия."
Зачем нужна задержка включения?,Задержка включения помогает избежать перезагрузки устройства при кратковременной просадке напряжения при запуске двигателя. Это позволяет устройству остаться включённым и продолжить работу.
Для чего в настройках Karma есть функция отложенного старта?,Функция отложенного старта позволяет избежать перезагрузки регистратора при запуске автомобиля. Она даёт устройству время для стабилизации питания.
Какие преимущества даёт установка таймера на включение регистратора?,"Задержка позволяет сохранить стабильную работу при запуске мотора, когда напряжение временно проседает. Это уменьшает вероятность сбоев и продлевает срок службы устройства."
"Почему устройство не включается сразу при подаче питания, можно ли это изменить?",Это сделано специально: задержка помогает избежать сбоев из-за просадки напряжения. Отключение задержки может привести к нестабильной работе.
В каких ситуациях полезна функция задержки запуска комбо-устройства?,"Задержка особенно полезна в холодную погоду и при слабом аккумуляторе, когда просадка напряжения при запуске автомобиля наиболее вероятна."
Почему при запуске двигателя устройство перезагружается?,"При старте двигателя напряжение на аккумуляторе может временно падать ниже 12.4 В. Это вызывает перезагрузку, если функция задержки не включена."
"Видеорегистратор Fujida отключается, когда завожу машину. Почему?","Скорее всего, напряжение при запуске падает ниже критического уровня. Чтобы это предотвратить, включите задержку включения в настройках устройства."
При повороте ключа зажигания Karma выключается и снова включается. Это нормально?,"Да, это нормальная реакция на кратковременное падение напряжения. Чтобы избежать этого, активируйте функцию задержки включения."
Регистратор перезагружается в момент старта двигателя. Это нормально?,"Да, если напряжение падает ниже 12.4 В. Включение задержки запуска поможет избежать этой ситуации."
Как предотвратить выключение комбо-устройства при запуске мотора автомобиля?,Активируйте функцию задержки включения в меню настроек. Она позволяет устройству дождаться стабилизации напряжения и избежать перезагрузки.
Как работает парковочный режим у устройств с дополнительной камерой?,При включении задней передачи автоматически активируется парковочный режим: отображается изображение с задней камеры и появляются направляющие полосы для удобства парковки.
Почему изображение становится зеркальным при включении парковки?,"Зеркальное отображение — это не ошибка, а специальная функция. Она помогает водителю правильно ориентироваться, как в зеркале заднего вида."
Для чего Fujida Duo переворачивает картинку с задней камеры при парковке?,"Это делается специально, чтобы водитель воспринимал изображение так же, как в зеркале заднего вида. Это облегчает манёвры задним ходом."
В каких случаях видео с дополнительной камеры отображается в зеркальном виде?,Зеркальное отображение включается автоматически при активации парковочного режима. Это помогает точнее ориентироваться при движении задним ходом.
Почему задняя камера на моем регистраторе показывает всё наоборот при парковке?,Картинка переворачивается специально для имитации зеркала заднего вида — это облегчает восприятие и повышает безопасность при парковке.
Где посмотреть видео инструкцию по обновлению Fujida?,"Вы можете посмотреть видеоинструкцию по обновлению прошивки Fujida на iOS: https://youtu.be/5uJtrqqct6c, Android: https://youtu.be/_AKnIG3QB24, через ПК и SD-карту: https://youtu.be/8w5NzZ8hyEg"
Пришлите ссылки на обучающие видео о проверке SD карты для регистратора.,Инструкция по проверке карты памяти на скорость и ошибки доступна по ссылке: https://youtu.be/9bAPyLA7uMk
Есть ли на YouTube канал с официальными туториалами по настройке видеорегистраторов?,"Да, официальный YouTube-канал Fujida: https://www.youtube.com/@fujida_rus/videos"
Хочу посмотреть как правильно обновлять прошивку Karma — видеоурок.,Официальное видео по обновлению прошивки для Karma: https://youtu.be/8w5NzZ8hyEg
Скиньте обучающее видео как диагностировать проблемы с картой памяти.,Инструкция по диагностике карты памяти (проверка скорости и ошибок): https://youtu.be/9bAPyLA7uMk
Как настроить оповещение радар-детектора у комбо-устройств 3в1?,"Включите Смарт-режим, настройте диапазон К (можно отключить, если в регионе нет камер 'Арена'). Также настройте фильтр скорости, фильтр слабых сигналов и при необходимости — Тихий режим."
Где в меню Karma изменить громкость и тип оповещения о камерах?,"Зайдите в настройки радар-детектора, нажмите кнопку rd. Здесь можно настроить громкость звуковых оповещений, тип уведомлений (голос, звуковой сигнал), а также параметры фильтрации."
Как отключить звуковой сигнал для определённых типов радаров?,Используйте фильтр скорости и фильтр слабых сигналов: при их активации оповещения будут отображаться только визуально или при достижении определённой силы сигнала.
Можно ли настроить дальность срабатывания радар-детектора в Fujida?,"Дальность регулируется косвенно через фильтр слабых сигналов: при его включении радар будет реагировать только на сильные сигналы, уменьшая количество дальних оповещений."
Какие параметры оповещений можно регулировать в комбо-устройстве?,"Вы можете настроить: фильтр скорости (визуальные/звуковые оповещения при превышении), фильтр слабых сигналов, Тихий режим, включение/отключение диапазона К и выбор типа уведомлений (звук, голос)."
"Видеорегистратор показывает 00000000 или 00002000, что делать?",Проверьте карту памяти — она должна быть исправна и соответствовать классу не ниже 10. Также возможны проблемы с GPS-креплением или антенной. При необходимости выполните обновление прошивки с карты памяти.
На дисплее Fujida вместо нормальной информации одни нули. Это поломка?,Это может быть связано с некорректной работой карты памяти или отсутствием соединения с GPS. Проверьте карту через ПК и при необходимости замените. Также возможна проблема с GPS-антенной.
После сброса настроек экран регистратора отображает только цифры 00000000. Что делать?,Это может быть связано с повреждённой картой памяти или необходимостью обновления прошивки. Используйте карту Class 10 и выполните обновление через ПК.
Почему на Karma появились странные цифры 00002000 вместо даты и времени?,"Проверьте исправность карты памяти и состояние GPS-крепления. Если проблема не устраняется, обновите прошивку устройства с карты памяти."
"Как исправить ошибку, когда на дисплее комбо-устройства только нули?",Проверьте карту памяти на ошибки с помощью программы на ПК. Убедитесь в корректной установке карты и антенны. Выполните обновление ПО — это часто помогает устранить такие сбои.
Как к вам подъехать?,Компания Fujida работает дистанционно. Для обращения в сервисный центр свяжитесь с поддержкой по почте support@fujida.su или через WhatsApp/Telegram: +7 927 035-55-55.
Где находится ближайший сервисный центр Fujida?,"Сервисный центр Fujida работает дистанционно. Свяжитесь с техподдержкой по почте или мессенджерам, и вам подскажут, как отправить устройство через СДЭК."
Подскажите адрес офиса для сдачи видеорегистратора в ремонт.,"У Fujida нет стационарных приёмных пунктов. Свяжитесь с поддержкой, опишите проблему, и вам вышлют инструкцию по отправке устройства в сервис."
Можно ли лично привезти устройство Karma в сервисный центр?,"Нет, Fujida работает дистанционно. Все обращения обрабатываются онлайн, а устройства направляются в сервис через СДЭК."
На какой адрес доставить регистратор для гарантийного обслуживания?,Адрес будет предоставлен после обращения в техподдержку по адресу support@fujida.su или через WhatsApp/Telegram: +7 927 035-55-55.
Экран светится черным на регистраторе Fujida. Что делать?,"Отключите функцию 'Автовыключение экрана' в настройках. Если это не помогает — возможно, неисправен дисплей, обратитесь в сервисный центр."
"Включаю видеорегистратор, но изображения нет, только тёмный дисплей.","Проверьте, не активирована ли функция 'Автовыключение экрана'. Если экран остаётся чёрным даже при перезапуске — обратитесь в техподдержку."
"Karma работает, но на экране ничего не видно — только подсветка.","Если устройство реагирует на кнопки, но экран не отображает изображение — отключите 'Автовыключение экрана'. При сохранении проблемы обратитесь в сервисный центр."
"Дисплей устройства включён, однако показывает только чёрный цвет. Почему?","Это может быть программный сбой или аппаратная неисправность экрана. Проверьте настройки и обратитесь в сервис, если изображение не появляется."
"После обновления на комбо-устройстве пропало изображение, только чёрный экран.",Возможен сбой прошивки. Попробуйте повторное обновление с SD-карты. Если проблема остаётся — обратитесь в сервисный центр.
"Где купить видеорегистратор? Ссылка на магазин Яндекс Маркет, Ozon, Wildberries и официальный сайт.","Приобрести видеорегистраторы, радар-детекторы, комбо-устройства и карты памяти Fujida можно на следующих площадках:\nOzon: https://ozon.ru/t/cBqPhgj\nWildberries: https://www.wildberries.ru/seller/1184874\nЯндекс Маркет: https://market.yandex.ru/business--fujida-official-store/10308730?utm_medium=sharing\nОфициальный сайт: https://fujida.pro/"
"Здравствуйте, покупал Fujida Boom Blik S. На экране показывает радар, но не говорит, а звук включён. В чём может быть дело?","Отсутствие звуковых оповещений на Fujida Boom Blik S при включенном звуке чаще всего связано с настройкой 'Фильтр скорости'. Убедитесь, что она отключена или установлена на 0 км/ч. Устройство не имеет 'Тихого режима', поэтому другие настройки не влияют на оповещения. Если проблема не решается — обратитесь в поддержку: support@fujida.su или WhatsApp/Telegram +7 927 035-55-55."
Как прибавить звук на Hit S?,На устройстве Fujida Zoom Hit S WiFi громкость регулируется кнопкой «Стрелка вниз» во время работы устройства (не в меню).
"На видеорегистраторе при включении появляется жёлтое окошко с сообщением 'menuseting is invalid, menuseting will recover, The device reboot!!!!!!!' и отключается. При повторном включении всё повторяется.","Для решения проблемы с сообщением 'menuseting is invalid...' рекомендуется обновить прошивку. Перейдите на https://update.fujida.su/services/, скачайте прошивку для своей модели, отформатируйте карту памяти (FAT32, кластер 32КБ), перенесите файлы прошивки в корень карты, вставьте карту в выключенный видеорегистратор и подключите питание оригинальным кабелем. Дождитесь завершения обновления. Если ошибка сохраняется — обратитесь в сервисный центр Fujida."
Как настроить время?,"Если у устройства есть GPS-модуль — время синхронизируется автоматически. Установите только часовой пояс в меню (Настройки → Часовой пояс). Если GPS отсутствует — откройте меню видеорегистратора, выберите пункт 'Дата и время' и установите параметры вручную."
Не ловит GPS,"Если GPS не работает, проверьте наличие сигнала вне зоны возможного подавления (например, за городом). Убедитесь, что карта памяти исправна и соответствует классу не ниже 10. Проверьте версию базы камер — если отображается '00000000', это может указывать на неисправность модуля. Также обновите прошивку. Инструкция по проверке карты: https://vkvideo.ru/video-174258496_456239177. Тест скорости: https://www.fujida.su/guarantee/microSD-test.php?clear_cache=Y. Если проблема сохраняется — обратитесь в поддержку."
Какой комбо ловит камеры дальше всех?,"Дальность обнаружения зависит от типа антенны и наличия усилителя слабых сигналов (LNA). Рупорная антенна обеспечивает лучшую дальность, чем патч-антенна. Устройства с LNA также улавливают радары на большем расстоянии. При выборе модели обращайте внимание на наличие этих характеристик."
Как обновиться по Wi-Fi?,"Чтобы обновить прошивку или базу камер по Wi-Fi, установите приложение Fujida (или Fujida Pro) из App Store или Google Play. Подключитесь к Wi-Fi сети устройства (пароль по умолчанию: 12345678), выберите модель в приложении и следуйте инструкциям для загрузки и установки обновления. На Android рекомендуется отключить мобильную передачу данных, на iOS — разрешить приложению доступ к Локальной сети в настройках системы."
"Устройство не включается, что делать?","Проверьте питание: используйте оригинальный адаптер и кабель, проверьте индикатор и предохранитель. Попробуйте включить устройство без карты памяти. Если включается — замените карту. Проверьте карту на ошибки: https://www.fujida.su/guarantee/microSD-test.php?clear_cache=Y (видео: https://vkvideo.ru/video-174258496_456239177). Если устройство хотя бы кратковременно реагирует, попробуйте обновить прошивку с SD-карты: https://update.fujida.su/services/. Если ничего не помогает — обратитесь в сервис."
"Регистратор перезагружается, что можно сделать?","Убедитесь, что используется оригинальный адаптер питания. Проверьте, не вызывает ли сбои просадка напряжения при запуске двигателя. Извлеките карту памяти и попробуйте включить устройство — если перезагрузки прекратились, проверьте карту на https://www.fujida.su/guarantee/microSD-test.php?clear_cache=Y (видео: https://vkvideo.ru/video-174258496_456239177). Замените карту, если скорость записи ниже 10 МБ/с. Также обновите прошивку с сайта: https://update.fujida.su/services/. При необходимости выполните сброс настроек или обратитесь в сервис."
Как обновить устройство через карту памяти?,"Перейдите на https://update.fujida.su/services/, выберите модель и скачайте актуальную прошивку. Извлеките файлы из архива. Форматируйте карту памяти: до 32 ГБ — FAT32 с кластером 32 КБ на ПК; 64 ГБ и более — через меню устройства. Скопируйте файлы в корень карты. Вставьте карту в выключенное устройство и подключите питание оригинальным кабелем. Обновление запустится автоматически. После завершения проверьте версию прошивки. Видеоинструкция: https://vk.com/video/@fujida_rus?z=video-174258496_456239174%2Fclub174258496"
Не говорит о камерах / Почему не предупреждает о приближении к камерам?,"Убедитесь, что используете оригинальный шнур питания — недостаток питания может нарушать работу GPS. Проверьте карту памяти: https://www.fujida.su/guarantee/microSD-test.php?clear_cache=Y (видео: https://vk.com/video/@fujida_rus?z=video-174258496_456239177). В некоторых регионах может быть подавление GPS (РЭБ), попробуйте выехать за город. Также убедитесь, что прошивка и база камер актуальны. Проверить это можно в меню устройства. Если проблема сохраняется — обратитесь в поддержку, указав модель и версию прошивки."
Как предложить исправления/добавления в базу камер?,"Отправьте в службу поддержки фото камеры, GPS-координаты (например, 56.16419/48.28773) и/или копию постановления со штрафом. Уточните, что нужно исправить: неверный тип камеры, направление, ложное предупреждение и т.п."
Не подключается по Wi-Fi к приложению (iOS) / Не могу обновить по Wi-Fi.,"Убедитесь, что используете приложение Fujida.Pro из App Store. Проверьте, выбран ли тип вашей модели в приложении. В настройках iPhone дайте приложению доступ к 'Локальной сети' (Настройки → Конфиденциальность → Локальная сеть → Fujida.Pro). Отключите VPN. Перезагрузите оба устройства и повторно подключитесь к Wi-Fi видеорегистратора. Также проверьте исправность карты памяти."
Как обновить / скачать видео по Wi-Fi (Android)?,"Используйте приложение Fujida.Pro для Android. Если его нет в Google Play — скачайте APK-файл от службы поддержки. Установите его на смартфон (разрешив установку из неизвестных источников). Подключитесь к Wi-Fi сети устройства Fujida, затем откройте приложение и выберите свою модель устройства."
"Проблемы с подключением/обновлением по Wi-Fi на iOS (Fujida Zoom Smart S и другие модели). Не видит файлы, предлагает обновить актуальную базу.","Убедитесь, что карта памяти исправна (тест: https://www.fujida.su/guarantee/microSD-test.php?clear_cache=Y, видео: https://vk.com/video/@fujida_rus?z=video-174258496_456239177). Используйте приложение Fujida.Pro из App Store. Проверьте доступ к 'Локальной сети' в настройках iPhone (Настройки → Fujida.Pro → Локальная сеть). Убедитесь, что выбрана нужная модель. Поведение, когда приложение предлагает обновить актуальную базу — нормальное. Видеоинструкция по обновлению: https://vk.com/video/@fujida_rus?z=video-174258496_456239175. Также отключите VPN, перезагрузите устройства и переподключитесь к Wi-Fi вручную."
"Проблемы с обновлением прошивки/базы камер с ПК (версия базы отображается как 00000000, обновление не запускается).","Убедитесь, что используете оригинальный кабель питания. Скачайте прошивку для своей модели с https://update.fujida.su/services/. Извлеките .bin-файлы из архива. Форматируйте карту: до 32 ГБ — FAT32 с кластером 32 КБ на ПК, 64 ГБ+ — только в меню видеорегистратора. Скопируйте файлы в корень карты, вставьте её в выключенное устройство, подключите питание. Дождитесь завершения обновления. После перезагрузки проверьте версию прошивки. Видеоинструкция: https://youtu.be/5uJtrqqct6c"
Не отображается скорость и нет предупреждений о камерах (проблемы с подключением к спутникам GPS).,"Если устройство не показывает скорость и не предупреждает о камерах, скорее всего, отсутствует соединение с GPS. Убедитесь, что используется оригинальный кабель питания и исправная карта памяти. При наличии атермального остекления или подогрева лобового стекла, разместите устройство в ""технической зоне"" — области без напыления, обычно возле зеркала. В стратегически важных регионах могут действовать системы РЭБ, подавляющие сигнал. Для проверки работы модуля выезжайте за город — если появится скорость или иконка спутника станет активной, модуль работает корректно."
Как проверить карту памяти / Проблемы с программой проверки карты памяти (HD_Speed),"Для проверки карты памяти на скорость и работоспособность:\n\n1. Скачайте программу HD_Speed: https://www.fujida.su/guarantee/microSD-test.php?clear_cache=Y (выбирайте версию под вашу ОС, например, x64).\n2. Запустите программу.\n3. В поле 'Накопитель' выберите диск карты памяти.\n4. Выберите режим 'Запись' (Write).\n5. Нажмите 'Старт'.\n\nИнтерпретация:\n- График должен быть ровным, без сильных провалов.\n- Скорость записи должна быть не ниже 10 МБ/с (уточняйте для вашей модели).\n\nВидеоинструкция: https://vk.com/video/@fujida_rus?z=video-174258496_456239177\n\nЕсли карта в порядке, но проблемы остаются — обновите прошивку и базу камер: https://update.fujida.su/services/."
"Видеорегистратор самопроизвольно перезагружается (например, Fujida Zoom Hit Max)","Если видеорегистратор перезагружается самопроизвольно:\n\n1. **Проверьте питание**: используйте только оригинальный шнур из комплекта, подключённый к прикуривателю.\n\n2. **Проверьте карту памяти**:\n- Запустите устройство без карты. Если перезагрузки прекратятся — проблема в карте.\n- Проверьте карту программой HD_Speed: https://www.fujida.su/guarantee/microSD-test.php?clear_cache=Y\n- Видеоинструкция: https://vk.com/video/@fujida_rus?z=video-174258496_456239177\n- Если тест показывает низкую скорость или ошибки — замените карту.\n\n3. **Проверьте устройство в другом автомобиле**: возможно, причина — в системе питания или прикуривателе вашего авто.\n\n4. **Установите задержку включения** (10–30 секунд) — помогает при просадке напряжения при запуске двигателя.\n\n5. **Обратитесь в сервисный центр**, если вышеуказанные шаги не помогли и устройство на гарантии:\n- Заполните бланк неисправности: https://fujida.su/catalog/blank_neispravnost.doc\n- Подготовьте копию чека (можно из личного кабинета маркетплейса).\n- Уточните серийный номер (12 цифр, на корпусе).\n- Свяжитесь со службой поддержки Fujida (8-800-500-31-16) для отправки через СДЭК — доставка в сервис при гарантии бесплатна."
"Ошибка записи на карте памяти / Проблемы с форматированием (например, на Fujida Okko)","Если появляется ошибка записи или проблемы с картой памяти (даже фирменной), выполните следующее:\n\n1. **Форматирование через видеорегистратор (актуально для моделей вроде Fujida Okko)**:\n- Отформатируйте карту через меню регистратора.\n- Снимите устройство с магнитного крепления (или отключите питание) для выключения.\n- Снова подключите питание или верните на крепление — устройство включится.\n- Если ошибка осталась — повторите процедуру 1–3 ещё раз.\n\n2. **Общие рекомендации**:\n- Убедитесь, что карта соответствует требованиям (подходящий класс скорости и объём).\n- Проверьте карту на ПК с помощью HD_Speed: https://www.fujida.su/guarantee/microSD-test.php?clear_cache=Y\n\n3. **Если проблема связана с Wi-Fi подключением (для Fujida Okko на iPhone)**:\n- Используйте приложение Fujida.Pro.\n- Убедитесь, что выбрана верная модель устройства.\n- Дайте приложению доступ к 'Локальной сети' (Настройки → Fujida.Pro → Локальная сеть)."
"Нечитаемые символы в названии сети вместо fujida, не подключается по Wi-Fi, пишет неверный пароль","Решение — обновление устройства через карту памяти и ПК:\n\n1. Перейдите на сайт: https://update.fujida.su/services/\n2. Выберите модель устройства и скачайте актуальную прошивку.\n3. Извлеките файлы из архива (обычно .bin или несколько файлов).\n4. Отформатируйте карту памяти:\n   - На устройстве, если есть такая функция;\n   - Если карта >32 ГБ — используйте ПК, формат FAT32, кластер 32КБ.\n5. Скопируйте прошивку в корень карты памяти.\n6. Вставьте карту в выключенное устройство.\n7. Подключите питание оригинальным кабелем — начнётся обновление.\n8. Дождитесь завершения (на экране будет прогресс).\n9. После завершения устройство перезагрузится, файлы могут удалиться автоматически."
"Модель Zoom Okko, на экране отображаются знаки ограничения скорости","Переустановите прошивку через карту памяти и компьютер:\n\n1. Перейдите на страницу модели: https://fujida.su/catalog/videoregistratory/fujida-zoom-okko/\n2. Откройте вкладку 'Характеристики' и найдите строку 'Актуальная прошивка'. Нажмите 'Скачать'.\n3. Отформатируйте карту памяти через меню видеорегистратора.\n4. Из архива с прошивкой перенесите файл в корень карты памяти microSD.\n5. Вставьте карту в выключенное устройство (питание не подключено).\n6. Подключите питание оригинальным кабелем — начнётся обновление. На экране будет мигать синий индикатор.\n7. После завершения устройство перезагрузится автоматически. Файлы прошивки удалятся с карты.\n8. Проверьте версию прошивки в меню настроек, чтобы убедиться, что обновление прошло успешно."
"Также наблюдаются 5-секундные видеозаписи, что это и как убрать?","Скорее всего, включена функция датчика движения — при её активации запись может идти короткими фрагментами.\n\n1. **Отключите датчик движения** в меню видеорегистратора. Он предназначен в основном для режима парковки.\n2. **Проверьте карту памяти** — возможно, она неисправна или слишком низкого качества:\n- Скачайте программу HD_Speed: https://www.fujida.su/guarantee/microSD-test.php?clear_cache=Y\n- Проведите тест и сделайте фото графика.\n- Отправьте результат в службу поддержки для анализа.\n\nЕсли после отключения датчика и проверки карты проблема сохраняется — замените карту памяти на оригинальную и соответствующую требованиям устройства."
Какой видеоплеер вы рекомендуете для просмотра записей с видеорегистратора с привязкой к GPS?,"Для наших устройств нет отдельного фирменного плеера с отображением GPS-трека на компьютере. Координаты могут отображаться прямо в видео при воспроизведении.\n\nЕсли вам нужен GPS-трек, используйте мобильное приложение **Fujida.Pro**:\n- Для Android — в Play Market.\n- Для iOS — в App Store.\n\nВ приложении можно просматривать записи с привязкой к маршруту, а также управлять настройками устройства."
